"","EVENT DATE","SourceFile","TotalRelease","TimeSec","ReleasePerMin","Temp","Pressure","Hour","mlpermin"
"1","10/06/25","bag1_10.txt",971,47,1239.57446808511,14.6595744680851,1034.1,10,45.8642553191489
"2","10/06/25","bag1_11.txt",963,41,1409.26829268293,16.9634146341463,1034,11,52.1429268292683
"3","10/06/25","bag1_12.txt",978,40,1467,18.045,1034,12,54.279
"4","10/06/25","bag1_13.txt",990,25,2376,20.65,1034.2,13,87.912
"5","10/06/25","bag1_15.txt",978,17,3451.76470588235,20.0111111111111,1033.8,15,127.715294117647
"6","10/06/25","bag1_17.txt",979,26,2259.23076923077,17.5296296296296,1034,17,83.5915384615384
"7","10/06/25","bag1_18.txt",987,32,1850.625,16.1,1033.9,18,68.473125
"8","10/06/25","bag1_20.txt",955,40,1432.5,13.7,1033.84,20,53.0025
"9","10/06/25","bag1_21.txt",952,44,1298.18181818182,13.2622222222222,1033.9,21,48.0327272727273
"10","10/06/25","bag1_22.txt",989,45,1318.66666666667,11.9688888888889,1033.83111111111,22,48.7906666666667
"11","10/06/25","bag1_9.txt",988,45,1317.33333333333,17.2195652173913,1034.4,9,48.7413333333333
"12","10/06/25","bag2_11.txt",996,45,1328,17.22,1034,11,49.136
"13","10/06/25","bag2_12.txt",975,38,1539.47368421053,18.2358974358974,1034,12,56.9605263157895
"14","10/06/25","bag2_13.txt",975,26,2250,20.7846153846154,1034.2,13,83.25
"15","10/06/25","bag2_14.txt",965,27,2144.44444444444,22.1892857142857,1034.1,14,79.3444444444444
"16","10/06/25","bag2_16.txt",994,27,2208.88888888889,18.4296296296296,1033.9,16,81.7288888888889
"17","10/06/25","bag2_17.txt",951,28,2037.85714285714,17.6,1034,17,75.4007142857143
"18","10/06/25","bag2_18.txt",974,34,1718.82352941176,16.1,1033.92941176471,18,63.5964705882353
"19","10/06/25","bag2_20.txt",976,41,1428.29268292683,13.7268292682927,1033.9,20,52.8468292682927
"20","10/06/25","bag2_21.txt",948,40,1422,13.3025,1033.9,21,52.614
"21","10/06/25","bag2_22.txt",966,48,1207.5,12.1,1033.82916666667,22,44.6775
"22","10/06/25","bag2_9.txt",979,65,903.692307692308,16.3,1034.21076923077,9,33.4366153846154
"23","10/06/25","bag3_10.txt",971,40,1456.5,14.875,1034,10,53.8905
"24","10/06/25","bag3_11.txt",967,41,1415.12195121951,17.4560975609756,1034.00731707317,11,52.359512195122
"25","10/06/25","bag3_12.txt",969,36,1615,18.4486486486486,1034.02162162162,12,59.755
"26","10/06/25","bag3_13.txt",958,32,1796.25,20.9636363636364,1034.2,13,66.46125
"27","10/06/25","bag3_14.txt",742,8,5565,22.0444444444444,1034.2,14,205.905
"28","10/06/25","bag3_15.txt",985,32,1846.875,20.1818181818182,1033.9,15,68.334375
"29","10/06/25","bag3_16.txt",963,33,1750.90909090909,18.2,1034,16,64.7836363636364
"30","10/06/25","bag3_17.txt",947,36,1578.33333333333,17.6918918918919,1034.1,17,58.3983333333333
"31","10/06/25","bag3_20.txt",974,47,1243.40425531915,13.7,1033.9,20,46.0059574468085
"32","10/06/25","bag3_21.txt",984,67,881.194029850746,13.3805970149254,1033.9,21,32.6041791044776
"33","10/06/25","bag3_22.txt",962,50,1154.4,12.2,1033.9,22,42.7128
"34","10/06/25","bag3_9.txt",983,72,819.166666666667,16.1,1034.2,9,30.3091666666667
"35","13/05/25","bag1_10.txt",996,88,679.090909090909,28.4977272727273,1023.64772727273,10,25.1263636363636
"36","13/05/25","bag1_11.txt",985,77,767.532467532468,24.212987012987,1023.42857142857,11,28.3987012987013
"37","13/05/25","bag1_12.txt",979,59,995.593220338983,28.8881355932203,1023.64406779661,12,36.8369491525424
"38","13/05/25","bag1_13.txt",998,67,893.731343283582,29.9716417910448,1023.78656716418,13,33.0680597014925
"39","13/05/25","bag1_14.txt",989,39,1521.53846153846,28.9076923076923,1023.6,14,56.2969230769231
"40","13/05/25","bag1_15.txt",962,28,2061.42857142857,23.5655172413793,1023.82413793103,15,76.2728571428571
"41","13/05/25","bag1_17.txt",912,27,2026.66666666667,18.4,1024.3,17,74.9866666666667
"42","13/05/25","bag1_18.txt",938,25,2251.2,17.6,1024.91153846154,18,83.2944
"43","13/05/25","bag1_19.txt",891,20,2673,17.2,1025.61428571429,19,98.901
"44","13/05/25","bag1_20.txt",970,27,2155.55555555556,16.8,1026.30357142857,20,79.7555555555555
"45","13/05/25","bag2_10.txt",996,83,720,28.4325301204819,1023.64939759036,10,26.64
"46","13/05/25","bag2_11.txt",997,60,997,25.2533333333333,1023.41333333333,11,36.889
"47","13/05/25","bag2_12.txt",927,40,1390.5,30.1375,1023.7,12,51.4485
"48","13/05/25","bag2_13.txt",968,37,1569.72972972973,30.1421052631579,1023.9,13,58.08
"49","13/05/25","bag2_14.txt",900,29,1862.06896551724,29.1866666666667,1023.7,14,68.8965517241379
"50","13/05/25","bag2_16.txt",900,26,2076.92307692308,20.4,1023.92692307692,16,76.8461538461538
"51","13/05/25","bag2_17.txt",944,21,2697.14285714286,18.6,1024.31818181818,17,99.7942857142857
"52","13/05/25","bag2_18.txt",940,23,2452.17391304348,17.9,1025.1,18,90.7304347826087
"53","13/05/25","bag2_20.txt",960,24,2400,16.9333333333333,1026.4,20,88.8
"54","13/05/25","bag3_10.txt",989,68,872.64705882353,27.8867647058824,1023.68382352941,10,32.2879411764706
"55","13/05/25","bag3_11.txt",992,62,960,26.3483870967742,1023.46612903226,11,35.52
"56","13/05/25","bag3_12.txt",962,28,2061.42857142857,31.1035714285714,1023.63214285714,12,76.2728571428571
"57","13/05/25","bag3_14.txt",973,29,2013.10344827586,29.74,1023.7,14,74.4848275862069
"58","13/05/25","bag3_15.txt",877,19,2769.47368421053,23.495,1023.87,15,102.470526315789
"59","13/05/25","bag3_16.txt",770,12,3850,20.4833333333333,1023.9,16,142.45
"60","13/05/25","bag3_17.txt",956,21,2731.42857142857,18.7,1024.4,17,101.062857142857
"61","13/05/25","bag3_18.txt",953,21,2722.85714285714,18,1025.1,18,100.745714285714
"62","13/05/25","bag3_19.txt",995,23,2595.65217391304,17.6,1025.8,19,96.0391304347826
"63","13/05/25","bag3_20.txt",965,27,2144.44444444444,17.05,1026.5,20,79.3444444444444
"64","13/05/25","bag3_21.txt",935,27,2077.77777777778,16.1642857142857,1027.16428571429,21,76.8777777777778
"65","13/05/25","bag3_22.txt",937,23,2444.34782608696,15.1826086956522,1027.8,22,90.4408695652174
"66","13/05/25","bag3_9.txt",986,112,528.214285714286,25.0303571428571,1023.9,9,19.5439285714286
"67","25/05/25","bag1_10.txt",979,43,1366.04651162791,17.2477272727273,1041.24545454545,10,50.5437209302326
"68","25/05/25","bag1_11.txt",969,36,1615,19.3222222222222,1040.3,11,59.755
"69","25/05/25","bag1_13.txt",966,24,2415,26.9,1039.4,13,89.355
"70","25/05/25","bag1_14.txt",728,18,2426.66666666667,29.2444444444444,1038.6,14,89.7866666666667
"71","25/05/25","bag1_17.txt",735,49,900,24.402,1037.902,17,33.3
"72","25/05/25","bag2_11.txt",949,27,2108.88888888889,19.6107142857143,1040.3,11,78.0288888888889
"73","25/05/25","bag2_14.txt",957,16,3588.75,29.5470588235294,1038.52352941176,14,132.78375
"74","25/05/25","bag2_16.txt",962,36,1603.33333333333,21.4388888888889,1038,16,59.3233333333333
"75","25/05/25","bag2_20.txt",980,35,1680,14.2057142857143,1037.1,20,62.16
"76","25/05/25","bag3_10.txt",985,53,1115.09433962264,17.438,1041.31,10,41.2584905660377
"77","25/05/25","bag3_20.txt",949,35,1626.85714285714,14.3,1037.1,20,60.1937142857143
